<application>
  <component name="AtomFileIconsConfig">
    <option name="accentColorEnabled" value="true" />
    <option name="monochromeIcons" value="true" />
    <option name="isMonochromeIcons" value="true" />
    <option name="monochromeColor" value="546e7a" />
    <option name="arrowsStyle" value="Darcula" />
    <option name="isAccentColorEnabled" value="true" />
    <option name="accentColor" value="b8cfe5" />
    <option name="themedColor" value="bbbbbb" />
    <option name="hasBigIcons" value="true" />
    <option name="customIconSize" value="21" />
  </component>
</application>