<application>
  <component name="ProjectJdkTable">
    <jdk version="2">
      <name value="openjdk-18" />
      <type value="JavaSDK" />
      <version value="Oracle OpenJDK version 18.0.2" />
      <homePath value="/usr/lib/jvm/jdk-18" />
      <roots>
        <annotationsPath>
          <root type="composite">
            <root url="jar://$APPLICATION_HOME_DIR$/plugins/java/lib/resources/jdkAnnotations.jar!/" type="simple" />
          </root>
        </annotationsPath>
        <classPath>
          <root type="composite">
            <root url="jrt:///usr/lib/jvm/jdk-18!/java.base" type="simple" />
            <root url="jrt:///usr/lib/jvm/jdk-18!/java.compiler" type="simple" />
            <root url="jrt:///usr/lib/jvm/jdk-18!/java.datatransfer" type="simple" />
            <root url="jrt:///usr/lib/jvm/jdk-18!/java.desktop" type="simple" />
            <root url="jrt:///usr/lib/jvm/jdk-18!/java.instrument" type="simple" />
            <root url="jrt:///usr/lib/jvm/jdk-18!/java.logging" type="simple" />
            <root url="jrt:///usr/lib/jvm/jdk-18!/java.management" type="simple" />
            <root url="jrt:///usr/lib/jvm/jdk-18!/java.management.rmi" type="simple" />
            <root url="jrt:///usr/lib/jvm/jdk-18!/java.naming" type="simple" />
            <root url="jrt:///usr/lib/jvm/jdk-18!/java.net.http" type="simple" />
            <root url="jrt:///usr/lib/jvm/jdk-18!/java.prefs" type="simple" />
            <root url="jrt:///usr/lib/jvm/jdk-18!/java.rmi" type="simple" />
            <root url="jrt:///usr/lib/jvm/jdk-18!/java.scripting" type="simple" />
            <root url="jrt:///usr/lib/jvm/jdk-18!/java.se" type="simple" />
            <root url="jrt:///usr/lib/jvm/jdk-18!/java.security.jgss" type="simple" />
            <root url="jrt:///usr/lib/jvm/jdk-18!/java.security.sasl" type="simple" />
            <root url="jrt:///usr/lib/jvm/jdk-18!/java.smartcardio" type="simple" />
            <root url="jrt:///usr/lib/jvm/jdk-18!/java.sql" type="simple" />
            <root url="jrt:///usr/lib/jvm/jdk-18!/java.sql.rowset" type="simple" />
            <root url="jrt:///usr/lib/jvm/jdk-18!/java.transaction.xa" type="simple" />
            <root url="jrt:///usr/lib/jvm/jdk-18!/java.xml" type="simple" />
            <root url="jrt:///usr/lib/jvm/jdk-18!/java.xml.crypto" type="simple" />
            <root url="jrt:///usr/lib/jvm/jdk-18!/jdk.accessibility" type="simple" />
            <root url="jrt:///usr/lib/jvm/jdk-18!/jdk.attach" type="simple" />
            <root url="jrt:///usr/lib/jvm/jdk-18!/jdk.charsets" type="simple" />
            <root url="jrt:///usr/lib/jvm/jdk-18!/jdk.compiler" type="simple" />
            <root url="jrt:///usr/lib/jvm/jdk-18!/jdk.crypto.cryptoki" type="simple" />
            <root url="jrt:///usr/lib/jvm/jdk-18!/jdk.crypto.ec" type="simple" />
            <root url="jrt:///usr/lib/jvm/jdk-18!/jdk.dynalink" type="simple" />
            <root url="jrt:///usr/lib/jvm/jdk-18!/jdk.editpad" type="simple" />
            <root url="jrt:///usr/lib/jvm/jdk-18!/jdk.hotspot.agent" type="simple" />
            <root url="jrt:///usr/lib/jvm/jdk-18!/jdk.httpserver" type="simple" />
            <root url="jrt:///usr/lib/jvm/jdk-18!/jdk.incubator.foreign" type="simple" />
            <root url="jrt:///usr/lib/jvm/jdk-18!/jdk.incubator.vector" type="simple" />
            <root url="jrt:///usr/lib/jvm/jdk-18!/jdk.internal.ed" type="simple" />
            <root url="jrt:///usr/lib/jvm/jdk-18!/jdk.internal.jvmstat" type="simple" />
            <root url="jrt:///usr/lib/jvm/jdk-18!/jdk.internal.le" type="simple" />
            <root url="jrt:///usr/lib/jvm/jdk-18!/jdk.internal.opt" type="simple" />
            <root url="jrt:///usr/lib/jvm/jdk-18!/jdk.internal.vm.ci" type="simple" />
            <root url="jrt:///usr/lib/jvm/jdk-18!/jdk.internal.vm.compiler" type="simple" />
            <root url="jrt:///usr/lib/jvm/jdk-18!/jdk.internal.vm.compiler.management" type="simple" />
            <root url="jrt:///usr/lib/jvm/jdk-18!/jdk.jartool" type="simple" />
            <root url="jrt:///usr/lib/jvm/jdk-18!/jdk.javadoc" type="simple" />
            <root url="jrt:///usr/lib/jvm/jdk-18!/jdk.jcmd" type="simple" />
            <root url="jrt:///usr/lib/jvm/jdk-18!/jdk.jconsole" type="simple" />
            <root url="jrt:///usr/lib/jvm/jdk-18!/jdk.jdeps" type="simple" />
            <root url="jrt:///usr/lib/jvm/jdk-18!/jdk.jdi" type="simple" />
            <root url="jrt:///usr/lib/jvm/jdk-18!/jdk.jdwp.agent" type="simple" />
            <root url="jrt:///usr/lib/jvm/jdk-18!/jdk.jfr" type="simple" />
            <root url="jrt:///usr/lib/jvm/jdk-18!/jdk.jlink" type="simple" />
            <root url="jrt:///usr/lib/jvm/jdk-18!/jdk.jpackage" type="simple" />
            <root url="jrt:///usr/lib/jvm/jdk-18!/jdk.jshell" type="simple" />
            <root url="jrt:///usr/lib/jvm/jdk-18!/jdk.jsobject" type="simple" />
            <root url="jrt:///usr/lib/jvm/jdk-18!/jdk.jstatd" type="simple" />
            <root url="jrt:///usr/lib/jvm/jdk-18!/jdk.localedata" type="simple" />
            <root url="jrt:///usr/lib/jvm/jdk-18!/jdk.management" type="simple" />
            <root url="jrt:///usr/lib/jvm/jdk-18!/jdk.management.agent" type="simple" />
            <root url="jrt:///usr/lib/jvm/jdk-18!/jdk.management.jfr" type="simple" />
            <root url="jrt:///usr/lib/jvm/jdk-18!/jdk.naming.dns" type="simple" />
            <root url="jrt:///usr/lib/jvm/jdk-18!/jdk.naming.rmi" type="simple" />
            <root url="jrt:///usr/lib/jvm/jdk-18!/jdk.net" type="simple" />
            <root url="jrt:///usr/lib/jvm/jdk-18!/jdk.nio.mapmode" type="simple" />
            <root url="jrt:///usr/lib/jvm/jdk-18!/jdk.random" type="simple" />
            <root url="jrt:///usr/lib/jvm/jdk-18!/jdk.sctp" type="simple" />
            <root url="jrt:///usr/lib/jvm/jdk-18!/jdk.security.auth" type="simple" />
            <root url="jrt:///usr/lib/jvm/jdk-18!/jdk.security.jgss" type="simple" />
            <root url="jrt:///usr/lib/jvm/jdk-18!/jdk.unsupported" type="simple" />
            <root url="jrt:///usr/lib/jvm/jdk-18!/jdk.unsupported.desktop" type="simple" />
            <root url="jrt:///usr/lib/jvm/jdk-18!/jdk.xml.dom" type="simple" />
            <root url="jrt:///usr/lib/jvm/jdk-18!/jdk.zipfs" type="simple" />
            <root url="jrt:///home/xd/Downloads/idea-IC-222.3345.118/bin/C:/Programming Language Files/myjava!/java.base" type="simple" />
            <root url="jrt:///home/xd/Downloads/idea-IC-222.3345.118/bin/C:/Programming Language Files/myjava!/java.compiler" type="simple" />
            <root url="jrt:///home/xd/Downloads/idea-IC-222.3345.118/bin/C:/Programming Language Files/myjava!/java.datatransfer" type="simple" />
            <root url="jrt:///home/xd/Downloads/idea-IC-222.3345.118/bin/C:/Programming Language Files/myjava!/java.desktop" type="simple" />
            <root url="jrt:///home/xd/Downloads/idea-IC-222.3345.118/bin/C:/Programming Language Files/myjava!/java.instrument" type="simple" />
            <root url="jrt:///home/xd/Downloads/idea-IC-222.3345.118/bin/C:/Programming Language Files/myjava!/java.logging" type="simple" />
            <root url="jrt:///home/xd/Downloads/idea-IC-222.3345.118/bin/C:/Programming Language Files/myjava!/java.management" type="simple" />
            <root url="jrt:///home/xd/Downloads/idea-IC-222.3345.118/bin/C:/Programming Language Files/myjava!/java.management.rmi" type="simple" />
            <root url="jrt:///home/xd/Downloads/idea-IC-222.3345.118/bin/C:/Programming Language Files/myjava!/java.naming" type="simple" />
            <root url="jrt:///home/xd/Downloads/idea-IC-222.3345.118/bin/C:/Programming Language Files/myjava!/java.net.http" type="simple" />
            <root url="jrt:///home/xd/Downloads/idea-IC-222.3345.118/bin/C:/Programming Language Files/myjava!/java.prefs" type="simple" />
            <root url="jrt:///home/xd/Downloads/idea-IC-222.3345.118/bin/C:/Programming Language Files/myjava!/java.rmi" type="simple" />
            <root url="jrt:///home/xd/Downloads/idea-IC-222.3345.118/bin/C:/Programming Language Files/myjava!/java.scripting" type="simple" />
            <root url="jrt:///home/xd/Downloads/idea-IC-222.3345.118/bin/C:/Programming Language Files/myjava!/java.se" type="simple" />
            <root url="jrt:///home/xd/Downloads/idea-IC-222.3345.118/bin/C:/Programming Language Files/myjava!/java.security.jgss" type="simple" />
            <root url="jrt:///home/xd/Downloads/idea-IC-222.3345.118/bin/C:/Programming Language Files/myjava!/java.security.sasl" type="simple" />
            <root url="jrt:///home/xd/Downloads/idea-IC-222.3345.118/bin/C:/Programming Language Files/myjava!/java.smartcardio" type="simple" />
            <root url="jrt:///home/xd/Downloads/idea-IC-222.3345.118/bin/C:/Programming Language Files/myjava!/java.sql" type="simple" />
            <root url="jrt:///home/xd/Downloads/idea-IC-222.3345.118/bin/C:/Programming Language Files/myjava!/java.sql.rowset" type="simple" />
            <root url="jrt:///home/xd/Downloads/idea-IC-222.3345.118/bin/C:/Programming Language Files/myjava!/java.transaction.xa" type="simple" />
            <root url="jrt:///home/xd/Downloads/idea-IC-222.3345.118/bin/C:/Programming Language Files/myjava!/java.xml" type="simple" />
            <root url="jrt:///home/xd/Downloads/idea-IC-222.3345.118/bin/C:/Programming Language Files/myjava!/java.xml.crypto" type="simple" />
            <root url="jrt:///home/xd/Downloads/idea-IC-222.3345.118/bin/C:/Programming Language Files/myjava!/jdk.accessibility" type="simple" />
            <root url="jrt:///home/xd/Downloads/idea-IC-222.3345.118/bin/C:/Programming Language Files/myjava!/jdk.attach" type="simple" />
            <root url="jrt:///home/xd/Downloads/idea-IC-222.3345.118/bin/C:/Programming Language Files/myjava!/jdk.charsets" type="simple" />
            <root url="jrt:///home/xd/Downloads/idea-IC-222.3345.118/bin/C:/Programming Language Files/myjava!/jdk.compiler" type="simple" />
            <root url="jrt:///home/xd/Downloads/idea-IC-222.3345.118/bin/C:/Programming Language Files/myjava!/jdk.crypto.cryptoki" type="simple" />
            <root url="jrt:///home/xd/Downloads/idea-IC-222.3345.118/bin/C:/Programming Language Files/myjava!/jdk.crypto.ec" type="simple" />
            <root url="jrt:///home/xd/Downloads/idea-IC-222.3345.118/bin/C:/Programming Language Files/myjava!/jdk.crypto.mscapi" type="simple" />
            <root url="jrt:///home/xd/Downloads/idea-IC-222.3345.118/bin/C:/Programming Language Files/myjava!/jdk.dynalink" type="simple" />
            <root url="jrt:///home/xd/Downloads/idea-IC-222.3345.118/bin/C:/Programming Language Files/myjava!/jdk.editpad" type="simple" />
            <root url="jrt:///home/xd/Downloads/idea-IC-222.3345.118/bin/C:/Programming Language Files/myjava!/jdk.hotspot.agent" type="simple" />
            <root url="jrt:///home/xd/Downloads/idea-IC-222.3345.118/bin/C:/Programming Language Files/myjava!/jdk.httpserver" type="simple" />
            <root url="jrt:///home/xd/Downloads/idea-IC-222.3345.118/bin/C:/Programming Language Files/myjava!/jdk.incubator.foreign" type="simple" />
            <root url="jrt:///home/xd/Downloads/idea-IC-222.3345.118/bin/C:/Programming Language Files/myjava!/jdk.incubator.vector" type="simple" />
            <root url="jrt:///home/xd/Downloads/idea-IC-222.3345.118/bin/C:/Programming Language Files/myjava!/jdk.internal.ed" type="simple" />
            <root url="jrt:///home/xd/Downloads/idea-IC-222.3345.118/bin/C:/Programming Language Files/myjava!/jdk.internal.jvmstat" type="simple" />
            <root url="jrt:///home/xd/Downloads/idea-IC-222.3345.118/bin/C:/Programming Language Files/myjava!/jdk.internal.le" type="simple" />
            <root url="jrt:///home/xd/Downloads/idea-IC-222.3345.118/bin/C:/Programming Language Files/myjava!/jdk.internal.opt" type="simple" />
            <root url="jrt:///home/xd/Downloads/idea-IC-222.3345.118/bin/C:/Programming Language Files/myjava!/jdk.internal.vm.ci" type="simple" />
            <root url="jrt:///home/xd/Downloads/idea-IC-222.3345.118/bin/C:/Programming Language Files/myjava!/jdk.internal.vm.compiler" type="simple" />
            <root url="jrt:///home/xd/Downloads/idea-IC-222.3345.118/bin/C:/Programming Language Files/myjava!/jdk.internal.vm.compiler.management" type="simple" />
            <root url="jrt:///home/xd/Downloads/idea-IC-222.3345.118/bin/C:/Programming Language Files/myjava!/jdk.jartool" type="simple" />
            <root url="jrt:///home/xd/Downloads/idea-IC-222.3345.118/bin/C:/Programming Language Files/myjava!/jdk.javadoc" type="simple" />
            <root url="jrt:///home/xd/Downloads/idea-IC-222.3345.118/bin/C:/Programming Language Files/myjava!/jdk.jcmd" type="simple" />
            <root url="jrt:///home/xd/Downloads/idea-IC-222.3345.118/bin/C:/Programming Language Files/myjava!/jdk.jconsole" type="simple" />
            <root url="jrt:///home/xd/Downloads/idea-IC-222.3345.118/bin/C:/Programming Language Files/myjava!/jdk.jdeps" type="simple" />
            <root url="jrt:///home/xd/Downloads/idea-IC-222.3345.118/bin/C:/Programming Language Files/myjava!/jdk.jdi" type="simple" />
            <root url="jrt:///home/xd/Downloads/idea-IC-222.3345.118/bin/C:/Programming Language Files/myjava!/jdk.jdwp.agent" type="simple" />
            <root url="jrt:///home/xd/Downloads/idea-IC-222.3345.118/bin/C:/Programming Language Files/myjava!/jdk.jfr" type="simple" />
            <root url="jrt:///home/xd/Downloads/idea-IC-222.3345.118/bin/C:/Programming Language Files/myjava!/jdk.jlink" type="simple" />
            <root url="jrt:///home/xd/Downloads/idea-IC-222.3345.118/bin/C:/Programming Language Files/myjava!/jdk.jpackage" type="simple" />
            <root url="jrt:///home/xd/Downloads/idea-IC-222.3345.118/bin/C:/Programming Language Files/myjava!/jdk.jshell" type="simple" />
            <root url="jrt:///home/xd/Downloads/idea-IC-222.3345.118/bin/C:/Programming Language Files/myjava!/jdk.jsobject" type="simple" />
            <root url="jrt:///home/xd/Downloads/idea-IC-222.3345.118/bin/C:/Programming Language Files/myjava!/jdk.jstatd" type="simple" />
            <root url="jrt:///home/xd/Downloads/idea-IC-222.3345.118/bin/C:/Programming Language Files/myjava!/jdk.localedata" type="simple" />
            <root url="jrt:///home/xd/Downloads/idea-IC-222.3345.118/bin/C:/Programming Language Files/myjava!/jdk.management" type="simple" />
            <root url="jrt:///home/xd/Downloads/idea-IC-222.3345.118/bin/C:/Programming Language Files/myjava!/jdk.management.agent" type="simple" />
            <root url="jrt:///home/xd/Downloads/idea-IC-222.3345.118/bin/C:/Programming Language Files/myjava!/jdk.management.jfr" type="simple" />
            <root url="jrt:///home/xd/Downloads/idea-IC-222.3345.118/bin/C:/Programming Language Files/myjava!/jdk.naming.dns" type="simple" />
            <root url="jrt:///home/xd/Downloads/idea-IC-222.3345.118/bin/C:/Programming Language Files/myjava!/jdk.naming.rmi" type="simple" />
            <root url="jrt:///home/xd/Downloads/idea-IC-222.3345.118/bin/C:/Programming Language Files/myjava!/jdk.net" type="simple" />
            <root url="jrt:///home/xd/Downloads/idea-IC-222.3345.118/bin/C:/Programming Language Files/myjava!/jdk.nio.mapmode" type="simple" />
            <root url="jrt:///home/xd/Downloads/idea-IC-222.3345.118/bin/C:/Programming Language Files/myjava!/jdk.random" type="simple" />
            <root url="jrt:///home/xd/Downloads/idea-IC-222.3345.118/bin/C:/Programming Language Files/myjava!/jdk.sctp" type="simple" />
            <root url="jrt:///home/xd/Downloads/idea-IC-222.3345.118/bin/C:/Programming Language Files/myjava!/jdk.security.auth" type="simple" />
            <root url="jrt:///home/xd/Downloads/idea-IC-222.3345.118/bin/C:/Programming Language Files/myjava!/jdk.security.jgss" type="simple" />
            <root url="jrt:///home/xd/Downloads/idea-IC-222.3345.118/bin/C:/Programming Language Files/myjava!/jdk.unsupported" type="simple" />
            <root url="jrt:///home/xd/Downloads/idea-IC-222.3345.118/bin/C:/Programming Language Files/myjava!/jdk.unsupported.desktop" type="simple" />
            <root url="jrt:///home/xd/Downloads/idea-IC-222.3345.118/bin/C:/Programming Language Files/myjava!/jdk.xml.dom" type="simple" />
            <root url="jrt:///home/xd/Downloads/idea-IC-222.3345.118/bin/C:/Programming Language Files/myjava!/jdk.zipfs" type="simple" />
          </root>
        </classPath>
        <javadocPath>
          <root type="composite" />
        </javadocPath>
        <sourcePath>
          <root type="composite">
            <root url="jar://$APPLICATION_HOME_DIR$/bin/C:/Programming Language Files/myjava/lib/src.zip!/java.se" type="simple" />
            <root url="jar://$APPLICATION_HOME_DIR$/bin/C:/Programming Language Files/myjava/lib/src.zip!/jdk.jdi" type="simple" />
            <root url="jar://$APPLICATION_HOME_DIR$/bin/C:/Programming Language Files/myjava/lib/src.zip!/jdk.jfr" type="simple" />
            <root url="jar://$APPLICATION_HOME_DIR$/bin/C:/Programming Language Files/myjava/lib/src.zip!/jdk.net" type="simple" />
            <root url="jar://$APPLICATION_HOME_DIR$/bin/C:/Programming Language Files/myjava/lib/src.zip!/java.rmi" type="simple" />
            <root url="jar://$APPLICATION_HOME_DIR$/bin/C:/Programming Language Files/myjava/lib/src.zip!/java.sql" type="simple" />
            <root url="jar://$APPLICATION_HOME_DIR$/bin/C:/Programming Language Files/myjava/lib/src.zip!/java.xml" type="simple" />
            <root url="jar://$APPLICATION_HOME_DIR$/bin/C:/Programming Language Files/myjava/lib/src.zip!/jdk.jcmd" type="simple" />
            <root url="jar://$APPLICATION_HOME_DIR$/bin/C:/Programming Language Files/myjava/lib/src.zip!/jdk.sctp" type="simple" />
            <root url="jar://$APPLICATION_HOME_DIR$/bin/C:/Programming Language Files/myjava/lib/src.zip!/java.base" type="simple" />
            <root url="jar://$APPLICATION_HOME_DIR$/bin/C:/Programming Language Files/myjava/lib/src.zip!/jdk.jdeps" type="simple" />
            <root url="jar://$APPLICATION_HOME_DIR$/bin/C:/Programming Language Files/myjava/lib/src.zip!/jdk.jlink" type="simple" />
            <root url="jar://$APPLICATION_HOME_DIR$/bin/C:/Programming Language Files/myjava/lib/src.zip!/jdk.zipfs" type="simple" />
            <root url="jar://$APPLICATION_HOME_DIR$/bin/C:/Programming Language Files/myjava/lib/src.zip!/java.prefs" type="simple" />
            <root url="jar://$APPLICATION_HOME_DIR$/bin/C:/Programming Language Files/myjava/lib/src.zip!/jdk.attach" type="simple" />
            <root url="jar://$APPLICATION_HOME_DIR$/bin/C:/Programming Language Files/myjava/lib/src.zip!/jdk.jshell" type="simple" />
            <root url="jar://$APPLICATION_HOME_DIR$/bin/C:/Programming Language Files/myjava/lib/src.zip!/jdk.jstatd" type="simple" />
            <root url="jar://$APPLICATION_HOME_DIR$/bin/C:/Programming Language Files/myjava/lib/src.zip!/jdk.random" type="simple" />
            <root url="jar://$APPLICATION_HOME_DIR$/bin/C:/Programming Language Files/myjava/lib/src.zip!/java.naming" type="simple" />
            <root url="jar://$APPLICATION_HOME_DIR$/bin/C:/Programming Language Files/myjava/lib/src.zip!/jdk.editpad" type="simple" />
            <root url="jar://$APPLICATION_HOME_DIR$/bin/C:/Programming Language Files/myjava/lib/src.zip!/jdk.jartool" type="simple" />
            <root url="jar://$APPLICATION_HOME_DIR$/bin/C:/Programming Language Files/myjava/lib/src.zip!/jdk.javadoc" type="simple" />
            <root url="jar://$APPLICATION_HOME_DIR$/bin/C:/Programming Language Files/myjava/lib/src.zip!/jdk.xml.dom" type="simple" />
            <root url="jar://$APPLICATION_HOME_DIR$/bin/C:/Programming Language Files/myjava/lib/src.zip!/java.desktop" type="simple" />
            <root url="jar://$APPLICATION_HOME_DIR$/bin/C:/Programming Language Files/myjava/lib/src.zip!/java.logging" type="simple" />
            <root url="jar://$APPLICATION_HOME_DIR$/bin/C:/Programming Language Files/myjava/lib/src.zip!/jdk.charsets" type="simple" />
            <root url="jar://$APPLICATION_HOME_DIR$/bin/C:/Programming Language Files/myjava/lib/src.zip!/jdk.compiler" type="simple" />
            <root url="jar://$APPLICATION_HOME_DIR$/bin/C:/Programming Language Files/myjava/lib/src.zip!/jdk.dynalink" type="simple" />
            <root url="jar://$APPLICATION_HOME_DIR$/bin/C:/Programming Language Files/myjava/lib/src.zip!/jdk.jconsole" type="simple" />
            <root url="jar://$APPLICATION_HOME_DIR$/bin/C:/Programming Language Files/myjava/lib/src.zip!/jdk.jpackage" type="simple" />
            <root url="jar://$APPLICATION_HOME_DIR$/bin/C:/Programming Language Files/myjava/lib/src.zip!/jdk.jsobject" type="simple" />
            <root url="jar://$APPLICATION_HOME_DIR$/bin/C:/Programming Language Files/myjava/lib/src.zip!/java.compiler" type="simple" />
            <root url="jar://$APPLICATION_HOME_DIR$/bin/C:/Programming Language Files/myjava/lib/src.zip!/java.net.http" type="simple" />
            <root url="jar://$APPLICATION_HOME_DIR$/bin/C:/Programming Language Files/myjava/lib/src.zip!/jdk.crypto.ec" type="simple" />
            <root url="jar://$APPLICATION_HOME_DIR$/bin/C:/Programming Language Files/myjava/lib/src.zip!/java.scripting" type="simple" />
            <root url="jar://$APPLICATION_HOME_DIR$/bin/C:/Programming Language Files/myjava/lib/src.zip!/jdk.httpserver" type="simple" />
            <root url="jar://$APPLICATION_HOME_DIR$/bin/C:/Programming Language Files/myjava/lib/src.zip!/jdk.jdwp.agent" type="simple" />
            <root url="jar://$APPLICATION_HOME_DIR$/bin/C:/Programming Language Files/myjava/lib/src.zip!/jdk.localedata" type="simple" />
            <root url="jar://$APPLICATION_HOME_DIR$/bin/C:/Programming Language Files/myjava/lib/src.zip!/jdk.management" type="simple" />
            <root url="jar://$APPLICATION_HOME_DIR$/bin/C:/Programming Language Files/myjava/lib/src.zip!/jdk.naming.dns" type="simple" />
            <root url="jar://$APPLICATION_HOME_DIR$/bin/C:/Programming Language Files/myjava/lib/src.zip!/jdk.naming.rmi" type="simple" />
            <root url="jar://$APPLICATION_HOME_DIR$/bin/C:/Programming Language Files/myjava/lib/src.zip!/java.instrument" type="simple" />
            <root url="jar://$APPLICATION_HOME_DIR$/bin/C:/Programming Language Files/myjava/lib/src.zip!/java.management" type="simple" />
            <root url="jar://$APPLICATION_HOME_DIR$/bin/C:/Programming Language Files/myjava/lib/src.zip!/java.sql.rowset" type="simple" />
            <root url="jar://$APPLICATION_HOME_DIR$/bin/C:/Programming Language Files/myjava/lib/src.zip!/java.xml.crypto" type="simple" />
            <root url="jar://$APPLICATION_HOME_DIR$/bin/C:/Programming Language Files/myjava/lib/src.zip!/jdk.internal.ed" type="simple" />
            <root url="jar://$APPLICATION_HOME_DIR$/bin/C:/Programming Language Files/myjava/lib/src.zip!/jdk.internal.le" type="simple" />
            <root url="jar://$APPLICATION_HOME_DIR$/bin/C:/Programming Language Files/myjava/lib/src.zip!/jdk.nio.mapmode" type="simple" />
            <root url="jar://$APPLICATION_HOME_DIR$/bin/C:/Programming Language Files/myjava/lib/src.zip!/jdk.unsupported" type="simple" />
            <root url="jar://$APPLICATION_HOME_DIR$/bin/C:/Programming Language Files/myjava/lib/src.zip!/java.smartcardio" type="simple" />
            <root url="jar://$APPLICATION_HOME_DIR$/bin/C:/Programming Language Files/myjava/lib/src.zip!/jdk.internal.opt" type="simple" />
            <root url="jar://$APPLICATION_HOME_DIR$/bin/C:/Programming Language Files/myjava/lib/src.zip!/java.datatransfer" type="simple" />
            <root url="jar://$APPLICATION_HOME_DIR$/bin/C:/Programming Language Files/myjava/lib/src.zip!/jdk.accessibility" type="simple" />
            <root url="jar://$APPLICATION_HOME_DIR$/bin/C:/Programming Language Files/myjava/lib/src.zip!/jdk.crypto.mscapi" type="simple" />
            <root url="jar://$APPLICATION_HOME_DIR$/bin/C:/Programming Language Files/myjava/lib/src.zip!/jdk.hotspot.agent" type="simple" />
            <root url="jar://$APPLICATION_HOME_DIR$/bin/C:/Programming Language Files/myjava/lib/src.zip!/jdk.security.auth" type="simple" />
            <root url="jar://$APPLICATION_HOME_DIR$/bin/C:/Programming Language Files/myjava/lib/src.zip!/jdk.security.jgss" type="simple" />
            <root url="jar://$APPLICATION_HOME_DIR$/bin/C:/Programming Language Files/myjava/lib/src.zip!/java.security.jgss" type="simple" />
            <root url="jar://$APPLICATION_HOME_DIR$/bin/C:/Programming Language Files/myjava/lib/src.zip!/java.security.sasl" type="simple" />
            <root url="jar://$APPLICATION_HOME_DIR$/bin/C:/Programming Language Files/myjava/lib/src.zip!/jdk.internal.vm.ci" type="simple" />
            <root url="jar://$APPLICATION_HOME_DIR$/bin/C:/Programming Language Files/myjava/lib/src.zip!/jdk.management.jfr" type="simple" />
            <root url="jar://$APPLICATION_HOME_DIR$/bin/C:/Programming Language Files/myjava/lib/src.zip!/java.management.rmi" type="simple" />
            <root url="jar://$APPLICATION_HOME_DIR$/bin/C:/Programming Language Files/myjava/lib/src.zip!/java.transaction.xa" type="simple" />
            <root url="jar://$APPLICATION_HOME_DIR$/bin/C:/Programming Language Files/myjava/lib/src.zip!/jdk.crypto.cryptoki" type="simple" />
            <root url="jar://$APPLICATION_HOME_DIR$/bin/C:/Programming Language Files/myjava/lib/src.zip!/jdk.incubator.vector" type="simple" />
            <root url="jar://$APPLICATION_HOME_DIR$/bin/C:/Programming Language Files/myjava/lib/src.zip!/jdk.internal.jvmstat" type="simple" />
            <root url="jar://$APPLICATION_HOME_DIR$/bin/C:/Programming Language Files/myjava/lib/src.zip!/jdk.management.agent" type="simple" />
            <root url="jar://$APPLICATION_HOME_DIR$/bin/C:/Programming Language Files/myjava/lib/src.zip!/jdk.incubator.foreign" type="simple" />
            <root url="jar://$APPLICATION_HOME_DIR$/bin/C:/Programming Language Files/myjava/lib/src.zip!/jdk.unsupported.desktop" type="simple" />
            <root url="jar://$APPLICATION_HOME_DIR$/bin/C:/Programming Language Files/myjava/lib/src.zip!/jdk.internal.vm.compiler" type="simple" />
            <root url="jar://$APPLICATION_HOME_DIR$/bin/C:/Programming Language Files/myjava/lib/src.zip!/jdk.internal.vm.compiler.management" type="simple" />
            <root url="jar:///usr/lib/jvm/jdk-18/lib/src.zip!/java.se" type="simple" />
            <root url="jar:///usr/lib/jvm/jdk-18/lib/src.zip!/jdk.jdi" type="simple" />
            <root url="jar:///usr/lib/jvm/jdk-18/lib/src.zip!/jdk.jfr" type="simple" />
            <root url="jar:///usr/lib/jvm/jdk-18/lib/src.zip!/jdk.net" type="simple" />
            <root url="jar:///usr/lib/jvm/jdk-18/lib/src.zip!/java.rmi" type="simple" />
            <root url="jar:///usr/lib/jvm/jdk-18/lib/src.zip!/java.sql" type="simple" />
            <root url="jar:///usr/lib/jvm/jdk-18/lib/src.zip!/java.xml" type="simple" />
            <root url="jar:///usr/lib/jvm/jdk-18/lib/src.zip!/jdk.jcmd" type="simple" />
            <root url="jar:///usr/lib/jvm/jdk-18/lib/src.zip!/jdk.sctp" type="simple" />
            <root url="jar:///usr/lib/jvm/jdk-18/lib/src.zip!/java.base" type="simple" />
            <root url="jar:///usr/lib/jvm/jdk-18/lib/src.zip!/jdk.jdeps" type="simple" />
            <root url="jar:///usr/lib/jvm/jdk-18/lib/src.zip!/jdk.jlink" type="simple" />
            <root url="jar:///usr/lib/jvm/jdk-18/lib/src.zip!/jdk.zipfs" type="simple" />
            <root url="jar:///usr/lib/jvm/jdk-18/lib/src.zip!/java.prefs" type="simple" />
            <root url="jar:///usr/lib/jvm/jdk-18/lib/src.zip!/jdk.attach" type="simple" />
            <root url="jar:///usr/lib/jvm/jdk-18/lib/src.zip!/jdk.jshell" type="simple" />
            <root url="jar:///usr/lib/jvm/jdk-18/lib/src.zip!/jdk.jstatd" type="simple" />
            <root url="jar:///usr/lib/jvm/jdk-18/lib/src.zip!/jdk.random" type="simple" />
            <root url="jar:///usr/lib/jvm/jdk-18/lib/src.zip!/java.naming" type="simple" />
            <root url="jar:///usr/lib/jvm/jdk-18/lib/src.zip!/jdk.editpad" type="simple" />
            <root url="jar:///usr/lib/jvm/jdk-18/lib/src.zip!/jdk.jartool" type="simple" />
            <root url="jar:///usr/lib/jvm/jdk-18/lib/src.zip!/jdk.javadoc" type="simple" />
            <root url="jar:///usr/lib/jvm/jdk-18/lib/src.zip!/jdk.xml.dom" type="simple" />
            <root url="jar:///usr/lib/jvm/jdk-18/lib/src.zip!/java.desktop" type="simple" />
            <root url="jar:///usr/lib/jvm/jdk-18/lib/src.zip!/java.logging" type="simple" />
            <root url="jar:///usr/lib/jvm/jdk-18/lib/src.zip!/jdk.charsets" type="simple" />
            <root url="jar:///usr/lib/jvm/jdk-18/lib/src.zip!/jdk.compiler" type="simple" />
            <root url="jar:///usr/lib/jvm/jdk-18/lib/src.zip!/jdk.dynalink" type="simple" />
            <root url="jar:///usr/lib/jvm/jdk-18/lib/src.zip!/jdk.jconsole" type="simple" />
            <root url="jar:///usr/lib/jvm/jdk-18/lib/src.zip!/jdk.jpackage" type="simple" />
            <root url="jar:///usr/lib/jvm/jdk-18/lib/src.zip!/jdk.jsobject" type="simple" />
            <root url="jar:///usr/lib/jvm/jdk-18/lib/src.zip!/java.compiler" type="simple" />
            <root url="jar:///usr/lib/jvm/jdk-18/lib/src.zip!/java.net.http" type="simple" />
            <root url="jar:///usr/lib/jvm/jdk-18/lib/src.zip!/jdk.crypto.ec" type="simple" />
            <root url="jar:///usr/lib/jvm/jdk-18/lib/src.zip!/java.scripting" type="simple" />
            <root url="jar:///usr/lib/jvm/jdk-18/lib/src.zip!/jdk.httpserver" type="simple" />
            <root url="jar:///usr/lib/jvm/jdk-18/lib/src.zip!/jdk.jdwp.agent" type="simple" />
            <root url="jar:///usr/lib/jvm/jdk-18/lib/src.zip!/jdk.localedata" type="simple" />
            <root url="jar:///usr/lib/jvm/jdk-18/lib/src.zip!/jdk.management" type="simple" />
            <root url="jar:///usr/lib/jvm/jdk-18/lib/src.zip!/jdk.naming.dns" type="simple" />
            <root url="jar:///usr/lib/jvm/jdk-18/lib/src.zip!/jdk.naming.rmi" type="simple" />
            <root url="jar:///usr/lib/jvm/jdk-18/lib/src.zip!/java.instrument" type="simple" />
            <root url="jar:///usr/lib/jvm/jdk-18/lib/src.zip!/java.management" type="simple" />
            <root url="jar:///usr/lib/jvm/jdk-18/lib/src.zip!/java.sql.rowset" type="simple" />
            <root url="jar:///usr/lib/jvm/jdk-18/lib/src.zip!/java.xml.crypto" type="simple" />
            <root url="jar:///usr/lib/jvm/jdk-18/lib/src.zip!/jdk.internal.ed" type="simple" />
            <root url="jar:///usr/lib/jvm/jdk-18/lib/src.zip!/jdk.internal.le" type="simple" />
            <root url="jar:///usr/lib/jvm/jdk-18/lib/src.zip!/jdk.nio.mapmode" type="simple" />
            <root url="jar:///usr/lib/jvm/jdk-18/lib/src.zip!/jdk.unsupported" type="simple" />
            <root url="jar:///usr/lib/jvm/jdk-18/lib/src.zip!/java.smartcardio" type="simple" />
            <root url="jar:///usr/lib/jvm/jdk-18/lib/src.zip!/jdk.internal.opt" type="simple" />
            <root url="jar:///usr/lib/jvm/jdk-18/lib/src.zip!/java.datatransfer" type="simple" />
            <root url="jar:///usr/lib/jvm/jdk-18/lib/src.zip!/jdk.accessibility" type="simple" />
            <root url="jar:///usr/lib/jvm/jdk-18/lib/src.zip!/jdk.hotspot.agent" type="simple" />
            <root url="jar:///usr/lib/jvm/jdk-18/lib/src.zip!/jdk.security.auth" type="simple" />
            <root url="jar:///usr/lib/jvm/jdk-18/lib/src.zip!/jdk.security.jgss" type="simple" />
            <root url="jar:///usr/lib/jvm/jdk-18/lib/src.zip!/java.security.jgss" type="simple" />
            <root url="jar:///usr/lib/jvm/jdk-18/lib/src.zip!/java.security.sasl" type="simple" />
            <root url="jar:///usr/lib/jvm/jdk-18/lib/src.zip!/jdk.internal.vm.ci" type="simple" />
            <root url="jar:///usr/lib/jvm/jdk-18/lib/src.zip!/jdk.management.jfr" type="simple" />
            <root url="jar:///usr/lib/jvm/jdk-18/lib/src.zip!/java.management.rmi" type="simple" />
            <root url="jar:///usr/lib/jvm/jdk-18/lib/src.zip!/java.transaction.xa" type="simple" />
            <root url="jar:///usr/lib/jvm/jdk-18/lib/src.zip!/jdk.crypto.cryptoki" type="simple" />
            <root url="jar:///usr/lib/jvm/jdk-18/lib/src.zip!/jdk.incubator.vector" type="simple" />
            <root url="jar:///usr/lib/jvm/jdk-18/lib/src.zip!/jdk.internal.jvmstat" type="simple" />
            <root url="jar:///usr/lib/jvm/jdk-18/lib/src.zip!/jdk.management.agent" type="simple" />
            <root url="jar:///usr/lib/jvm/jdk-18/lib/src.zip!/jdk.incubator.foreign" type="simple" />
            <root url="jar:///usr/lib/jvm/jdk-18/lib/src.zip!/jdk.unsupported.desktop" type="simple" />
            <root url="jar:///usr/lib/jvm/jdk-18/lib/src.zip!/jdk.internal.vm.compiler" type="simple" />
            <root url="jar:///usr/lib/jvm/jdk-18/lib/src.zip!/jdk.internal.vm.compiler.management" type="simple" />
          </root>
        </sourcePath>
      </roots>
      <additional />
    </jdk>
  </component>
</application>