<keymap version="1" name="VSCode whistle" parent="VSCode">
  <action id="EditorDuplicateLines">
    <keyboard-shortcut first-keystroke="ctrl g" />
  </action>
  <action id="MoveStatementDown">
    <keyboard-shortcut first-keystroke="ctrl g" />
  </action>
  <action id="Run">
    <keyboard-shortcut first-keystroke="ctrl f5" />
    <keyboard-shortcut first-keystroke="f1" />
  </action>
  <action id="SearchEverywhere">
    <keyboard-shortcut first-keystroke="shift ctrl a" />
  </action>
  <action id="ShowSettings">
    <keyboard-shortcut first-keystroke="ctrl comma" />
  </action>
</keymap>