<keymap version="1" name="VSCode copy" parent="VSCode">
  <action id="HideSideWindows" />
  <action id="MakeModule">
    <keyboard-shortcut first-keystroke="ctrl b" />
  </action>
  <action id="Run">
    <keyboard-shortcut first-keystroke="ctrl f5" />
    <keyboard-shortcut first-keystroke="f1" />
  </action>
  <action id="SearchEverywhere">
    <keyboard-shortcut first-keystroke="shift ctrl a" />
  </action>
  <action id="org.intellij.plugins.markdown.ui.actions.styling.ToggleBoldAction" />
</keymap>